--------------------------------------------------------
--  Fichier créé - jeudi-décembre-16-2021   
--------------------------------------------------------
--------------------------------------------------------
--  DDL for Table AVAILABILITY
--------------------------------------------------------

  CREATE TABLE "SYSTEM"."AVAILABILITY" 
   (	"ID" NUMBER, 
	"AVAILABILITY" VARCHAR2(20 BYTE)
   ) PCTFREE 10 PCTUSED 40 INITRANS 1 MAXTRANS 255 
 NOCOMPRESS LOGGING
  STORAGE(INITIAL 65536 NEXT 1048576 MINEXTENTS 1 MAXEXTENTS 2147483645
  PCTINCREASE 0 FREELISTS 1 FREELIST GROUPS 1
  BUFFER_POOL DEFAULT FLASH_CACHE DEFAULT CELL_FLASH_CACHE DEFAULT)
  TABLESPACE "SYSTEM" ;
--------------------------------------------------------
--  DDL for Table CART
--------------------------------------------------------

  CREATE TABLE "SYSTEM"."CART" 
   (	"ID_CART" NUMBER(*,0) GENERATED BY DEFAULT AS IDENTITY MINVALUE 1 MAXVALUE 1000000 INCREMENT BY 1 START WITH 1 CACHE 2 ORDER  CYCLE  NOKEEP  NOSCALE , 
	"ID_USER" NUMBER(*,0), 
	"ID_PRODUCT" NUMBER(*,0), 
	"QUANTITY" NUMBER
   ) PCTFREE 10 PCTUSED 40 INITRANS 1 MAXTRANS 255 
 NOCOMPRESS LOGGING
  STORAGE(INITIAL 65536 NEXT 1048576 MINEXTENTS 1 MAXEXTENTS 2147483645
  PCTINCREASE 0 FREELISTS 1 FREELIST GROUPS 1
  BUFFER_POOL DEFAULT FLASH_CACHE DEFAULT CELL_FLASH_CACHE DEFAULT)
  TABLESPACE "SYSTEM" ;
--------------------------------------------------------
--  DDL for Table CATEGORY
--------------------------------------------------------

  CREATE TABLE "SYSTEM"."CATEGORY" 
   (	"ID_CATEGORY" NUMBER(*,0), 
	"NAME" VARCHAR2(255 BYTE)
   ) PCTFREE 10 PCTUSED 40 INITRANS 1 MAXTRANS 255 
 NOCOMPRESS LOGGING
  STORAGE(INITIAL 65536 NEXT 1048576 MINEXTENTS 1 MAXEXTENTS 2147483645
  PCTINCREASE 0 FREELISTS 1 FREELIST GROUPS 1
  BUFFER_POOL DEFAULT FLASH_CACHE DEFAULT CELL_FLASH_CACHE DEFAULT)
  TABLESPACE "SYSTEM" ;
--------------------------------------------------------
--  DDL for Table CLASS
--------------------------------------------------------

  CREATE TABLE "SYSTEM"."CLASS" 
   (	"ID_CLASS" NUMBER(*,0) GENERATED BY DEFAULT AS IDENTITY MINVALUE 1 MAXVALUE 1000000 INCREMENT BY 1 START WITH 1 CACHE 100000 ORDER  CYCLE  NOKEEP  NOSCALE , 
	"NAME" VARCHAR2(50 BYTE), 
	"DESCRIPTION" VARCHAR2(255 BYTE), 
	"START_DATE" VARCHAR2(255 BYTE), 
	"ID_USER" NUMBER
   ) PCTFREE 10 PCTUSED 40 INITRANS 1 MAXTRANS 255 
 NOCOMPRESS LOGGING
  STORAGE(INITIAL 65536 NEXT 1048576 MINEXTENTS 1 MAXEXTENTS 2147483645
  PCTINCREASE 0 FREELISTS 1 FREELIST GROUPS 1
  BUFFER_POOL DEFAULT FLASH_CACHE DEFAULT CELL_FLASH_CACHE DEFAULT)
  TABLESPACE "SYSTEM" ;
--------------------------------------------------------
--  DDL for Table CLASS_USER
--------------------------------------------------------

  CREATE TABLE "SYSTEM"."CLASS_USER" 
   (	"ID" NUMBER(*,0) GENERATED BY DEFAULT AS IDENTITY MINVALUE 1 MAXVALUE 1000000 INCREMENT BY 1 START WITH 1 CACHE 100000 ORDER  CYCLE  NOKEEP  NOSCALE , 
	"ID_USER" NUMBER(*,0), 
	"ID_CLASS" NUMBER(*,0)
   ) PCTFREE 10 PCTUSED 40 INITRANS 1 MAXTRANS 255 
 NOCOMPRESS LOGGING
  STORAGE(INITIAL 65536 NEXT 1048576 MINEXTENTS 1 MAXEXTENTS 2147483645
  PCTINCREASE 0 FREELISTS 1 FREELIST GROUPS 1
  BUFFER_POOL DEFAULT FLASH_CACHE DEFAULT CELL_FLASH_CACHE DEFAULT)
  TABLESPACE "SYSTEM" ;
--------------------------------------------------------
--  DDL for Table PRODUCT
--------------------------------------------------------

  CREATE TABLE "SYSTEM"."PRODUCT" 
   (	"NAME" VARCHAR2(20 BYTE), 
	"IMAGE" VARCHAR2(255 BYTE), 
	"DESCRIPTION" VARCHAR2(255 BYTE), 
	"ID_STATUS" NUMBER(*,0), 
	"ID_CATEGORY" NUMBER(*,0), 
	"ID_PRODUCT" NUMBER(*,0) GENERATED BY DEFAULT AS IDENTITY MINVALUE 1 MAXVALUE 1000000 INCREMENT BY 1 START WITH 1 CACHE 10000 ORDER  CYCLE  NOKEEP  NOSCALE , 
	"ID_AVAILABILITY" NUMBER, 
	"PRICE" NUMBER, 
	"QUANTITY" NUMBER, 
	"ID_USER" NUMBER
   ) PCTFREE 10 PCTUSED 40 INITRANS 1 MAXTRANS 255 
 NOCOMPRESS LOGGING
  STORAGE(INITIAL 65536 NEXT 1048576 MINEXTENTS 1 MAXEXTENTS 2147483645
  PCTINCREASE 0 FREELISTS 1 FREELIST GROUPS 1
  BUFFER_POOL DEFAULT FLASH_CACHE DEFAULT CELL_FLASH_CACHE DEFAULT)
  TABLESPACE "SYSTEM" ;
--------------------------------------------------------
--  DDL for Table STATUS
--------------------------------------------------------

  CREATE TABLE "SYSTEM"."STATUS" 
   (	"ID_STATUS" NUMBER(*,0), 
	"STATUS" VARCHAR2(50 BYTE)
   ) PCTFREE 10 PCTUSED 40 INITRANS 1 MAXTRANS 255 
 NOCOMPRESS LOGGING
  STORAGE(INITIAL 65536 NEXT 1048576 MINEXTENTS 1 MAXEXTENTS 2147483645
  PCTINCREASE 0 FREELISTS 1 FREELIST GROUPS 1
  BUFFER_POOL DEFAULT FLASH_CACHE DEFAULT CELL_FLASH_CACHE DEFAULT)
  TABLESPACE "SYSTEM" ;
--------------------------------------------------------
--  DDL for Table USERS
--------------------------------------------------------

  CREATE TABLE "SYSTEM"."USERS" 
   (	"FIRST_NAME" VARCHAR2(20 BYTE), 
	"LAST_NAME" VARCHAR2(20 BYTE), 
	"EMAIL" VARCHAR2(50 BYTE), 
	"BIRTH_DATE" VARCHAR2(255 BYTE), 
	"STUDY_LEVEL" VARCHAR2(20 BYTE), 
	"ESTABLISHMENT" VARCHAR2(20 BYTE), 
	"CERTIFICATE_REGIST" VARCHAR2(255 BYTE), 
	"PHOTO" VARCHAR2(255 BYTE), 
	"PASSWORD" VARCHAR2(20 BYTE), 
	"ID_USER" NUMBER(*,0) GENERATED BY DEFAULT AS IDENTITY MINVALUE 1 MAXVALUE 1000000 INCREMENT BY 1 START WITH 1 CACHE 2 ORDER  CYCLE  NOKEEP  NOSCALE 
   ) PCTFREE 10 PCTUSED 40 INITRANS 1 MAXTRANS 255 
 NOCOMPRESS LOGGING
  STORAGE(INITIAL 65536 NEXT 1048576 MINEXTENTS 1 MAXEXTENTS 2147483645
  PCTINCREASE 0 FREELISTS 1 FREELIST GROUPS 1
  BUFFER_POOL DEFAULT FLASH_CACHE DEFAULT CELL_FLASH_CACHE DEFAULT)
  TABLESPACE "SYSTEM" ;
REM INSERTING into SYSTEM.AVAILABILITY
SET DEFINE OFF;
Insert into SYSTEM.AVAILABILITY (ID,AVAILABILITY) values ('1','Available');
Insert into SYSTEM.AVAILABILITY (ID,AVAILABILITY) values ('2','Solde');
Insert into SYSTEM.AVAILABILITY (ID,AVAILABILITY) values ('3','Reserve');
REM INSERTING into SYSTEM.CART
SET DEFINE OFF;
Insert into SYSTEM.CART (ID_CART,ID_USER,ID_PRODUCT,QUANTITY) values ('21','7','10219','1');
Insert into SYSTEM.CART (ID_CART,ID_USER,ID_PRODUCT,QUANTITY) values ('22','5','115','1');
Insert into SYSTEM.CART (ID_CART,ID_USER,ID_PRODUCT,QUANTITY) values ('24','9','10218','1');
REM INSERTING into SYSTEM.CATEGORY
SET DEFINE OFF;
Insert into SYSTEM.CATEGORY (ID_CATEGORY,NAME) values ('1','Livre');
Insert into SYSTEM.CATEGORY (ID_CATEGORY,NAME) values ('2','Equipements');
Insert into SYSTEM.CATEGORY (ID_CATEGORY,NAME) values ('3','Autres');
REM INSERTING into SYSTEM.CLASS
SET DEFINE OFF;
Insert into SYSTEM.CLASS (ID_CLASS,NAME,DESCRIPTION,START_DATE,ID_USER) values ('1','Programmation Fonctionnelle','Exercice et sujet ','15/12/2021','4');
Insert into SYSTEM.CLASS (ID_CLASS,NAME,DESCRIPTION,START_DATE,ID_USER) values ('5','Programmation Concurrente','Reviser pour l''examen','22/12/2021','5');
REM INSERTING into SYSTEM.CLASS_USER
SET DEFINE OFF;
REM INSERTING into SYSTEM.PRODUCT
SET DEFINE OFF;
Insert into SYSTEM.PRODUCT (NAME,IMAGE,DESCRIPTION,ID_STATUS,ID_CATEGORY,ID_PRODUCT,ID_AVAILABILITY,PRICE,QUANTITY,ID_USER) values ('Ordinateur','ordi','Ordinateur Description','2','2','10218','1','600','1','4');
Insert into SYSTEM.PRODUCT (NAME,IMAGE,DESCRIPTION,ID_STATUS,ID_CATEGORY,ID_PRODUCT,ID_AVAILABILITY,PRICE,QUANTITY,ID_USER) values ('Clavier','clavier','Clavier Description','1','2','220','1','50','1','5');
Insert into SYSTEM.PRODUCT (NAME,IMAGE,DESCRIPTION,ID_STATUS,ID_CATEGORY,ID_PRODUCT,ID_AVAILABILITY,PRICE,QUANTITY,ID_USER) values ('Ecran','ecran','Ecran Description','2','2','221','1','200','1','4');
Insert into SYSTEM.PRODUCT (NAME,IMAGE,DESCRIPTION,ID_STATUS,ID_CATEGORY,ID_PRODUCT,ID_AVAILABILITY,PRICE,QUANTITY,ID_USER) values ('Laptop MSI','laptop','laptop MSI GT3000','2','2','10219','1','1000','1','4');
Insert into SYSTEM.PRODUCT (NAME,IMAGE,DESCRIPTION,ID_STATUS,ID_CATEGORY,ID_PRODUCT,ID_AVAILABILITY,PRICE,QUANTITY,ID_USER) values ('POO','POO','POO Description','2','1','20215','1','35','2','7');
Insert into SYSTEM.PRODUCT (NAME,IMAGE,DESCRIPTION,ID_STATUS,ID_CATEGORY,ID_PRODUCT,ID_AVAILABILITY,PRICE,QUANTITY,ID_USER) values ('Architechture','Architechture','Architechture Description','1','1','30215','1','24','1','5');
Insert into SYSTEM.PRODUCT (NAME,IMAGE,DESCRIPTION,ID_STATUS,ID_CATEGORY,ID_PRODUCT,ID_AVAILABILITY,PRICE,QUANTITY,ID_USER) values ('Mathematique','Mathematique','Mathematique Description','2','1','30216','1','20','4','9');
Insert into SYSTEM.PRODUCT (NAME,IMAGE,DESCRIPTION,ID_STATUS,ID_CATEGORY,ID_PRODUCT,ID_AVAILABILITY,PRICE,QUANTITY,ID_USER) values ('Gateux','Gateux','Description ','1','3','40217','1','0','3','4');
Insert into SYSTEM.PRODUCT (NAME,IMAGE,DESCRIPTION,ID_STATUS,ID_CATEGORY,ID_PRODUCT,ID_AVAILABILITY,PRICE,QUANTITY,ID_USER) values ('Bon bon','Bon bon','Mon Bon bon','1','3','115','1','0','8','4');
Insert into SYSTEM.PRODUCT (NAME,IMAGE,DESCRIPTION,ID_STATUS,ID_CATEGORY,ID_PRODUCT,ID_AVAILABILITY,PRICE,QUANTITY,ID_USER) values ('Stylo','Stylo','Stylo Description','1','3','116','1','2','3','9');
REM INSERTING into SYSTEM.STATUS
SET DEFINE OFF;
Insert into SYSTEM.STATUS (ID_STATUS,STATUS) values ('1','Tout neuf');
Insert into SYSTEM.STATUS (ID_STATUS,STATUS) values ('2','Recondition en bon etat
');
REM INSERTING into SYSTEM.USERS
SET DEFINE OFF;
Insert into SYSTEM.USERS (FIRST_NAME,LAST_NAME,EMAIL,BIRTH_DATE,STUDY_LEVEL,ESTABLISHMENT,CERTIFICATE_REGIST,PHOTO,PASSWORD,ID_USER) values ('John','Son','johnson@gmail.com','15/10/1999','Master 1','Paris Nanterre','oui','oui','123456','7');
Insert into SYSTEM.USERS (FIRST_NAME,LAST_NAME,EMAIL,BIRTH_DATE,STUDY_LEVEL,ESTABLISHMENT,CERTIFICATE_REGIST,PHOTO,PASSWORD,ID_USER) values ('Ben','Nef','benne@gmail.com','10/10/2000','Master 1','Paris Nanterre','oui','oui','123456Aa','9');
Insert into SYSTEM.USERS (FIRST_NAME,LAST_NAME,EMAIL,BIRTH_DATE,STUDY_LEVEL,ESTABLISHMENT,CERTIFICATE_REGIST,PHOTO,PASSWORD,ID_USER) values ('Jessica','Lu','jess@gmail.com','20/18/2000','Licence 3','Paris Nanterre','oui','oui','33313w2A','11');
Insert into SYSTEM.USERS (FIRST_NAME,LAST_NAME,EMAIL,BIRTH_DATE,STUDY_LEVEL,ESTABLISHMENT,CERTIFICATE_REGIST,PHOTO,PASSWORD,ID_USER) values ('Best','Jo','jo@gmail.com','12/12/2003','Licence 1','Paris Nanterre','oui','oui','123123','13');
Insert into SYSTEM.USERS (FIRST_NAME,LAST_NAME,EMAIL,BIRTH_DATE,STUDY_LEVEL,ESTABLISHMENT,CERTIFICATE_REGIST,PHOTO,PASSWORD,ID_USER) values ('Beat','Up','beat@gmail.com','05/05/1999','Master 2','Paris Nanterre','oui','oui','15111996','4');
Insert into SYSTEM.USERS (FIRST_NAME,LAST_NAME,EMAIL,BIRTH_DATE,STUDY_LEVEL,ESTABLISHMENT,CERTIFICATE_REGIST,PHOTO,PASSWORD,ID_USER) values ('Nice','Oen','Oe@gmail.com','06/09/1996','Master 2','Paris Nanterre','oui','oui','aaacd123','5');
--------------------------------------------------------
--  DDL for Index AVAILABILITY_PK
--------------------------------------------------------

  CREATE UNIQUE INDEX "SYSTEM"."AVAILABILITY_PK" ON "SYSTEM"."AVAILABILITY" ("ID") 
  PCTFREE 10 INITRANS 2 MAXTRANS 255 COMPUTE STATISTICS 
  STORAGE(INITIAL 65536 NEXT 1048576 MINEXTENTS 1 MAXEXTENTS 2147483645
  PCTINCREASE 0 FREELISTS 1 FREELIST GROUPS 1
  BUFFER_POOL DEFAULT FLASH_CACHE DEFAULT CELL_FLASH_CACHE DEFAULT)
  TABLESPACE "SYSTEM" ;
--------------------------------------------------------
--  DDL for Index CART_PK
--------------------------------------------------------

  CREATE UNIQUE INDEX "SYSTEM"."CART_PK" ON "SYSTEM"."CART" ("ID_CART") 
  PCTFREE 10 INITRANS 2 MAXTRANS 255 COMPUTE STATISTICS 
  STORAGE(INITIAL 65536 NEXT 1048576 MINEXTENTS 1 MAXEXTENTS 2147483645
  PCTINCREASE 0 FREELISTS 1 FREELIST GROUPS 1
  BUFFER_POOL DEFAULT FLASH_CACHE DEFAULT CELL_FLASH_CACHE DEFAULT)
  TABLESPACE "SYSTEM" ;
--------------------------------------------------------
--  DDL for Index CATEGORY_PK
--------------------------------------------------------

  CREATE UNIQUE INDEX "SYSTEM"."CATEGORY_PK" ON "SYSTEM"."CATEGORY" ("ID_CATEGORY") 
  PCTFREE 10 INITRANS 2 MAXTRANS 255 COMPUTE STATISTICS 
  STORAGE(INITIAL 65536 NEXT 1048576 MINEXTENTS 1 MAXEXTENTS 2147483645
  PCTINCREASE 0 FREELISTS 1 FREELIST GROUPS 1
  BUFFER_POOL DEFAULT FLASH_CACHE DEFAULT CELL_FLASH_CACHE DEFAULT)
  TABLESPACE "SYSTEM" ;
--------------------------------------------------------
--  DDL for Index CLASS_PK
--------------------------------------------------------

  CREATE UNIQUE INDEX "SYSTEM"."CLASS_PK" ON "SYSTEM"."CLASS" ("ID_CLASS") 
  PCTFREE 10 INITRANS 2 MAXTRANS 255 COMPUTE STATISTICS 
  STORAGE(INITIAL 65536 NEXT 1048576 MINEXTENTS 1 MAXEXTENTS 2147483645
  PCTINCREASE 0 FREELISTS 1 FREELIST GROUPS 1
  BUFFER_POOL DEFAULT FLASH_CACHE DEFAULT CELL_FLASH_CACHE DEFAULT)
  TABLESPACE "SYSTEM" ;
--------------------------------------------------------
--  DDL for Index CLASS_USER_PK
--------------------------------------------------------

  CREATE UNIQUE INDEX "SYSTEM"."CLASS_USER_PK" ON "SYSTEM"."CLASS_USER" ("ID") 
  PCTFREE 10 INITRANS 2 MAXTRANS 255 COMPUTE STATISTICS 
  STORAGE(INITIAL 65536 NEXT 1048576 MINEXTENTS 1 MAXEXTENTS 2147483645
  PCTINCREASE 0 FREELISTS 1 FREELIST GROUPS 1
  BUFFER_POOL DEFAULT FLASH_CACHE DEFAULT CELL_FLASH_CACHE DEFAULT)
  TABLESPACE "SYSTEM" ;
--------------------------------------------------------
--  DDL for Index PRODUCT_PK
--------------------------------------------------------

  CREATE UNIQUE INDEX "SYSTEM"."PRODUCT_PK" ON "SYSTEM"."PRODUCT" ("ID_PRODUCT") 
  PCTFREE 10 INITRANS 2 MAXTRANS 255 COMPUTE STATISTICS 
  STORAGE(INITIAL 65536 NEXT 1048576 MINEXTENTS 1 MAXEXTENTS 2147483645
  PCTINCREASE 0 FREELISTS 1 FREELIST GROUPS 1
  BUFFER_POOL DEFAULT FLASH_CACHE DEFAULT CELL_FLASH_CACHE DEFAULT)
  TABLESPACE "SYSTEM" ;
--------------------------------------------------------
--  DDL for Index STATUS_PK
--------------------------------------------------------

  CREATE UNIQUE INDEX "SYSTEM"."STATUS_PK" ON "SYSTEM"."STATUS" ("ID_STATUS") 
  PCTFREE 10 INITRANS 2 MAXTRANS 255 COMPUTE STATISTICS 
  STORAGE(INITIAL 65536 NEXT 1048576 MINEXTENTS 1 MAXEXTENTS 2147483645
  PCTINCREASE 0 FREELISTS 1 FREELIST GROUPS 1
  BUFFER_POOL DEFAULT FLASH_CACHE DEFAULT CELL_FLASH_CACHE DEFAULT)
  TABLESPACE "SYSTEM" ;
--------------------------------------------------------
--  DDL for Index USERS_PK
--------------------------------------------------------

  CREATE UNIQUE INDEX "SYSTEM"."USERS_PK" ON "SYSTEM"."USERS" ("ID_USER") 
  PCTFREE 10 INITRANS 2 MAXTRANS 255 COMPUTE STATISTICS 
  STORAGE(INITIAL 65536 NEXT 1048576 MINEXTENTS 1 MAXEXTENTS 2147483645
  PCTINCREASE 0 FREELISTS 1 FREELIST GROUPS 1
  BUFFER_POOL DEFAULT FLASH_CACHE DEFAULT CELL_FLASH_CACHE DEFAULT)
  TABLESPACE "SYSTEM" ;
--------------------------------------------------------
--  DDL for Trigger PRODUCT_TRG
--------------------------------------------------------

  CREATE OR REPLACE NONEDITIONABLE TRIGGER "SYSTEM"."PRODUCT_TRG" 
BEFORE INSERT ON PRODUCT 
FOR EACH ROW 
BEGIN
  <<COLUMN_SEQUENCES>>
  BEGIN
    NULL;
  END COLUMN_SEQUENCES;
END;
/
ALTER TRIGGER "SYSTEM"."PRODUCT_TRG" ENABLE;
--------------------------------------------------------
--  DDL for Trigger USERS_TRG
--------------------------------------------------------

  CREATE OR REPLACE NONEDITIONABLE TRIGGER "SYSTEM"."USERS_TRG" 
BEFORE INSERT ON USERS 
FOR EACH ROW 
BEGIN
  <<COLUMN_SEQUENCES>>
  BEGIN
    NULL;
  END COLUMN_SEQUENCES;
END;
/
ALTER TRIGGER "SYSTEM"."USERS_TRG" ENABLE;
--------------------------------------------------------
--  Constraints for Table AVAILABILITY
--------------------------------------------------------

  ALTER TABLE "SYSTEM"."AVAILABILITY" MODIFY ("ID" NOT NULL ENABLE);
  ALTER TABLE "SYSTEM"."AVAILABILITY" MODIFY ("AVAILABILITY" NOT NULL ENABLE);
  ALTER TABLE "SYSTEM"."AVAILABILITY" ADD CONSTRAINT "AVAILABILITY_PK" PRIMARY KEY ("ID")
  USING INDEX PCTFREE 10 INITRANS 2 MAXTRANS 255 COMPUTE STATISTICS 
  STORAGE(INITIAL 65536 NEXT 1048576 MINEXTENTS 1 MAXEXTENTS 2147483645
  PCTINCREASE 0 FREELISTS 1 FREELIST GROUPS 1
  BUFFER_POOL DEFAULT FLASH_CACHE DEFAULT CELL_FLASH_CACHE DEFAULT)
  TABLESPACE "SYSTEM"  ENABLE;
--------------------------------------------------------
--  Constraints for Table CART
--------------------------------------------------------

  ALTER TABLE "SYSTEM"."CART" MODIFY ("ID_CART" NOT NULL ENABLE);
  ALTER TABLE "SYSTEM"."CART" ADD CONSTRAINT "CART_PK" PRIMARY KEY ("ID_CART")
  USING INDEX PCTFREE 10 INITRANS 2 MAXTRANS 255 COMPUTE STATISTICS 
  STORAGE(INITIAL 65536 NEXT 1048576 MINEXTENTS 1 MAXEXTENTS 2147483645
  PCTINCREASE 0 FREELISTS 1 FREELIST GROUPS 1
  BUFFER_POOL DEFAULT FLASH_CACHE DEFAULT CELL_FLASH_CACHE DEFAULT)
  TABLESPACE "SYSTEM"  ENABLE;
  ALTER TABLE "SYSTEM"."CART" MODIFY ("ID_USER" NOT NULL ENABLE);
  ALTER TABLE "SYSTEM"."CART" MODIFY ("ID_PRODUCT" NOT NULL ENABLE);
--------------------------------------------------------
--  Constraints for Table CATEGORY
--------------------------------------------------------

  ALTER TABLE "SYSTEM"."CATEGORY" MODIFY ("NAME" NOT NULL ENABLE);
  ALTER TABLE "SYSTEM"."CATEGORY" MODIFY ("ID_CATEGORY" NOT NULL ENABLE);
  ALTER TABLE "SYSTEM"."CATEGORY" ADD CONSTRAINT "CATEGORY_PK" PRIMARY KEY ("ID_CATEGORY")
  USING INDEX PCTFREE 10 INITRANS 2 MAXTRANS 255 COMPUTE STATISTICS 
  STORAGE(INITIAL 65536 NEXT 1048576 MINEXTENTS 1 MAXEXTENTS 2147483645
  PCTINCREASE 0 FREELISTS 1 FREELIST GROUPS 1
  BUFFER_POOL DEFAULT FLASH_CACHE DEFAULT CELL_FLASH_CACHE DEFAULT)
  TABLESPACE "SYSTEM"  ENABLE;
--------------------------------------------------------
--  Constraints for Table CLASS
--------------------------------------------------------

  ALTER TABLE "SYSTEM"."CLASS" MODIFY ("ID_CLASS" NOT NULL ENABLE);
  ALTER TABLE "SYSTEM"."CLASS" MODIFY ("NAME" NOT NULL ENABLE);
  ALTER TABLE "SYSTEM"."CLASS" ADD CONSTRAINT "CLASS_PK" PRIMARY KEY ("ID_CLASS")
  USING INDEX PCTFREE 10 INITRANS 2 MAXTRANS 255 COMPUTE STATISTICS 
  STORAGE(INITIAL 65536 NEXT 1048576 MINEXTENTS 1 MAXEXTENTS 2147483645
  PCTINCREASE 0 FREELISTS 1 FREELIST GROUPS 1
  BUFFER_POOL DEFAULT FLASH_CACHE DEFAULT CELL_FLASH_CACHE DEFAULT)
  TABLESPACE "SYSTEM"  ENABLE;
  ALTER TABLE "SYSTEM"."CLASS" MODIFY ("ID_USER" NOT NULL ENABLE);
--------------------------------------------------------
--  Constraints for Table CLASS_USER
--------------------------------------------------------

  ALTER TABLE "SYSTEM"."CLASS_USER" MODIFY ("ID" NOT NULL ENABLE);
  ALTER TABLE "SYSTEM"."CLASS_USER" MODIFY ("ID_USER" NOT NULL ENABLE);
  ALTER TABLE "SYSTEM"."CLASS_USER" MODIFY ("ID_CLASS" NOT NULL ENABLE);
  ALTER TABLE "SYSTEM"."CLASS_USER" ADD CONSTRAINT "CLASS_USER_PK" PRIMARY KEY ("ID")
  USING INDEX PCTFREE 10 INITRANS 2 MAXTRANS 255 COMPUTE STATISTICS 
  STORAGE(INITIAL 65536 NEXT 1048576 MINEXTENTS 1 MAXEXTENTS 2147483645
  PCTINCREASE 0 FREELISTS 1 FREELIST GROUPS 1
  BUFFER_POOL DEFAULT FLASH_CACHE DEFAULT CELL_FLASH_CACHE DEFAULT)
  TABLESPACE "SYSTEM"  ENABLE;
--------------------------------------------------------
--  Constraints for Table PRODUCT
--------------------------------------------------------

  ALTER TABLE "SYSTEM"."PRODUCT" MODIFY ("NAME" NOT NULL ENABLE);
  ALTER TABLE "SYSTEM"."PRODUCT" MODIFY ("ID_STATUS" NOT NULL ENABLE);
  ALTER TABLE "SYSTEM"."PRODUCT" MODIFY ("ID_CATEGORY" NOT NULL ENABLE);
  ALTER TABLE "SYSTEM"."PRODUCT" MODIFY ("ID_PRODUCT" NOT NULL ENABLE);
  ALTER TABLE "SYSTEM"."PRODUCT" ADD CONSTRAINT "PRODUCT_PK" PRIMARY KEY ("ID_PRODUCT")
  USING INDEX PCTFREE 10 INITRANS 2 MAXTRANS 255 COMPUTE STATISTICS 
  STORAGE(INITIAL 65536 NEXT 1048576 MINEXTENTS 1 MAXEXTENTS 2147483645
  PCTINCREASE 0 FREELISTS 1 FREELIST GROUPS 1
  BUFFER_POOL DEFAULT FLASH_CACHE DEFAULT CELL_FLASH_CACHE DEFAULT)
  TABLESPACE "SYSTEM"  ENABLE;
  ALTER TABLE "SYSTEM"."PRODUCT" MODIFY ("ID_USER" NOT NULL ENABLE);
  ALTER TABLE "SYSTEM"."PRODUCT" MODIFY ("ID_AVAILABILITY" NOT NULL ENABLE);
  ALTER TABLE "SYSTEM"."PRODUCT" MODIFY ("PRICE" NOT NULL ENABLE);
  ALTER TABLE "SYSTEM"."PRODUCT" MODIFY ("QUANTITY" NOT NULL ENABLE);
--------------------------------------------------------
--  Constraints for Table STATUS
--------------------------------------------------------

  ALTER TABLE "SYSTEM"."STATUS" MODIFY ("ID_STATUS" NOT NULL ENABLE);
  ALTER TABLE "SYSTEM"."STATUS" ADD CONSTRAINT "STATUS_PK" PRIMARY KEY ("ID_STATUS")
  USING INDEX PCTFREE 10 INITRANS 2 MAXTRANS 255 COMPUTE STATISTICS 
  STORAGE(INITIAL 65536 NEXT 1048576 MINEXTENTS 1 MAXEXTENTS 2147483645
  PCTINCREASE 0 FREELISTS 1 FREELIST GROUPS 1
  BUFFER_POOL DEFAULT FLASH_CACHE DEFAULT CELL_FLASH_CACHE DEFAULT)
  TABLESPACE "SYSTEM"  ENABLE;
--------------------------------------------------------
--  Constraints for Table USERS
--------------------------------------------------------

  ALTER TABLE "SYSTEM"."USERS" MODIFY ("ID_USER" NOT NULL ENABLE);
  ALTER TABLE "SYSTEM"."USERS" MODIFY ("FIRST_NAME" NOT NULL DISABLE);
  ALTER TABLE "SYSTEM"."USERS" MODIFY ("LAST_NAME" NOT NULL DISABLE);
  ALTER TABLE "SYSTEM"."USERS" MODIFY ("EMAIL" NOT NULL DISABLE);
  ALTER TABLE "SYSTEM"."USERS" MODIFY ("BIRTH_DATE" NOT NULL DISABLE);
  ALTER TABLE "SYSTEM"."USERS" MODIFY ("STUDY_LEVEL" NOT NULL DISABLE);
  ALTER TABLE "SYSTEM"."USERS" ADD CONSTRAINT "USERS_PK" PRIMARY KEY ("ID_USER")
  USING INDEX PCTFREE 10 INITRANS 2 MAXTRANS 255 COMPUTE STATISTICS 
  STORAGE(INITIAL 65536 NEXT 1048576 MINEXTENTS 1 MAXEXTENTS 2147483645
  PCTINCREASE 0 FREELISTS 1 FREELIST GROUPS 1
  BUFFER_POOL DEFAULT FLASH_CACHE DEFAULT CELL_FLASH_CACHE DEFAULT)
  TABLESPACE "SYSTEM"  ENABLE;
  ALTER TABLE "SYSTEM"."USERS" MODIFY ("PASSWORD" NOT NULL DISABLE);
--------------------------------------------------------
--  Ref Constraints for Table CART
--------------------------------------------------------

  ALTER TABLE "SYSTEM"."CART" ADD CONSTRAINT "CART_FK1" FOREIGN KEY ("ID_USER")
	  REFERENCES "SYSTEM"."USERS" ("ID_USER") ENABLE;
  ALTER TABLE "SYSTEM"."CART" ADD CONSTRAINT "CART_FK2" FOREIGN KEY ("ID_PRODUCT")
	  REFERENCES "SYSTEM"."PRODUCT" ("ID_PRODUCT") ENABLE;
--------------------------------------------------------
--  Ref Constraints for Table CLASS
--------------------------------------------------------

  ALTER TABLE "SYSTEM"."CLASS" ADD CONSTRAINT "CLASS_FK1" FOREIGN KEY ("ID_USER")
	  REFERENCES "SYSTEM"."USERS" ("ID_USER") ENABLE;
--------------------------------------------------------
--  Ref Constraints for Table CLASS_USER
--------------------------------------------------------

  ALTER TABLE "SYSTEM"."CLASS_USER" ADD CONSTRAINT "CLASS_USER_FK1" FOREIGN KEY ("ID_USER")
	  REFERENCES "SYSTEM"."USERS" ("ID_USER") ENABLE;
  ALTER TABLE "SYSTEM"."CLASS_USER" ADD CONSTRAINT "CLASS_USER_FK2" FOREIGN KEY ("ID_CLASS")
	  REFERENCES "SYSTEM"."CLASS" ("ID_CLASS") ENABLE;
--------------------------------------------------------
--  Ref Constraints for Table PRODUCT
--------------------------------------------------------

  ALTER TABLE "SYSTEM"."PRODUCT" ADD CONSTRAINT "CATEGORY_FK" FOREIGN KEY ("ID_CATEGORY")
	  REFERENCES "SYSTEM"."CATEGORY" ("ID_CATEGORY") ENABLE;
  ALTER TABLE "SYSTEM"."PRODUCT" ADD CONSTRAINT "PRODUCT_FK1" FOREIGN KEY ("ID_STATUS")
	  REFERENCES "SYSTEM"."STATUS" ("ID_STATUS") ENABLE;
  ALTER TABLE "SYSTEM"."PRODUCT" ADD CONSTRAINT "PRODUCT_FK3" FOREIGN KEY ("ID_AVAILABILITY")
	  REFERENCES "SYSTEM"."AVAILABILITY" ("ID") ENABLE;
  ALTER TABLE "SYSTEM"."PRODUCT" ADD CONSTRAINT "PRODUCT_FK2" FOREIGN KEY ("ID_USER")
	  REFERENCES "SYSTEM"."USERS" ("ID_USER") ENABLE;
