--------------------------------------------------------
--  Fichier créé - jeudi-décembre-23-2021   
--------------------------------------------------------
--------------------------------------------------------
--  DDL for Table FORUM
--------------------------------------------------------

  CREATE TABLE "SYSTEM"."FORUM" 
   (	"ID_FORUM" NUMBER(*,0) GENERATED BY DEFAULT AS IDENTITY MINVALUE 1 MAXVALUE 1000000 INCREMENT BY 1 START WITH 1 CACHE 2 ORDER  CYCLE  NOKEEP  NOSCALE , 
	"ID_USER" NUMBER(*,0), 
	"TITLE" VARCHAR2(255 BYTE), 
	"DESCRIPTION" VARCHAR2(255 BYTE), 
	"START_DATE" DATE
   ) PCTFREE 10 PCTUSED 40 INITRANS 1 MAXTRANS 255 
 NOCOMPRESS LOGGING
  STORAGE(INITIAL 65536 NEXT 1048576 MINEXTENTS 1 MAXEXTENTS 2147483645
  PCTINCREASE 0 FREELISTS 1 FREELIST GROUPS 1
  BUFFER_POOL DEFAULT FLASH_CACHE DEFAULT CELL_FLASH_CACHE DEFAULT)
  TABLESPACE "SYSTEM" ;
--------------------------------------------------------
--  DDL for Table ANSWER
--------------------------------------------------------

  CREATE TABLE "SYSTEM"."ANSWER" 
   (	"ID_ANSWER" NUMBER(*,0) GENERATED BY DEFAULT AS IDENTITY MINVALUE 1 MAXVALUE 1000000 INCREMENT BY 1 START WITH 1 CACHE 2 ORDER  CYCLE  NOKEEP  NOSCALE , 
	"ID_USER" NUMBER(*,0), 
	"ID_FORUM" NUMBER(*,0), 
	"ANSWER" VARCHAR2(255 BYTE), 
	"START_DATE" DATE
   ) PCTFREE 10 PCTUSED 40 INITRANS 1 MAXTRANS 255 
 NOCOMPRESS LOGGING
  STORAGE(INITIAL 65536 NEXT 1048576 MINEXTENTS 1 MAXEXTENTS 2147483645
  PCTINCREASE 0 FREELISTS 1 FREELIST GROUPS 1
  BUFFER_POOL DEFAULT FLASH_CACHE DEFAULT CELL_FLASH_CACHE DEFAULT)
  TABLESPACE "SYSTEM" ;
--------------------------------------------------------
--  DDL for Table CLASS_USER
--------------------------------------------------------

  CREATE TABLE "SYSTEM"."CLASS_USER" 
   (	"ID" NUMBER(*,0) GENERATED BY DEFAULT AS IDENTITY MINVALUE 1 MAXVALUE 1000000 INCREMENT BY 1 START WITH 1 CACHE 100000 ORDER  CYCLE  NOKEEP  NOSCALE , 
	"ID_USER" NUMBER(*,0), 
	"ID_CLASS" NUMBER(*,0)
   ) PCTFREE 10 PCTUSED 40 INITRANS 1 MAXTRANS 255 
 NOCOMPRESS LOGGING
  STORAGE(INITIAL 65536 NEXT 1048576 MINEXTENTS 1 MAXEXTENTS 2147483645
  PCTINCREASE 0 FREELISTS 1 FREELIST GROUPS 1
  BUFFER_POOL DEFAULT FLASH_CACHE DEFAULT CELL_FLASH_CACHE DEFAULT)
  TABLESPACE "SYSTEM" ;
--------------------------------------------------------
--  DDL for Table AVAILABILITY
--------------------------------------------------------

  CREATE TABLE "SYSTEM"."AVAILABILITY" 
   (	"ID" NUMBER, 
	"AVAILABILITY" VARCHAR2(20 BYTE)
   ) PCTFREE 10 PCTUSED 40 INITRANS 1 MAXTRANS 255 
 NOCOMPRESS LOGGING
  STORAGE(INITIAL 65536 NEXT 1048576 MINEXTENTS 1 MAXEXTENTS 2147483645
  PCTINCREASE 0 FREELISTS 1 FREELIST GROUPS 1
  BUFFER_POOL DEFAULT FLASH_CACHE DEFAULT CELL_FLASH_CACHE DEFAULT)
  TABLESPACE "SYSTEM" ;
--------------------------------------------------------
--  DDL for Table CLASS
--------------------------------------------------------

  CREATE TABLE "SYSTEM"."CLASS" 
   (	"ID_CLASS" NUMBER(*,0) GENERATED BY DEFAULT AS IDENTITY MINVALUE 1 MAXVALUE 1000000 INCREMENT BY 1 START WITH 1 CACHE 100000 ORDER  CYCLE  NOKEEP  NOSCALE , 
	"NAME" VARCHAR2(50 BYTE), 
	"DESCRIPTION" VARCHAR2(255 BYTE), 
	"START_DATE" VARCHAR2(255 BYTE), 
	"ID_USER" NUMBER
   ) PCTFREE 10 PCTUSED 40 INITRANS 1 MAXTRANS 255 
 NOCOMPRESS LOGGING
  STORAGE(INITIAL 65536 NEXT 1048576 MINEXTENTS 1 MAXEXTENTS 2147483645
  PCTINCREASE 0 FREELISTS 1 FREELIST GROUPS 1
  BUFFER_POOL DEFAULT FLASH_CACHE DEFAULT CELL_FLASH_CACHE DEFAULT)
  TABLESPACE "SYSTEM" ;
--------------------------------------------------------
--  DDL for Table PRODUCT
--------------------------------------------------------

  CREATE TABLE "SYSTEM"."PRODUCT" 
   (	"NAME" VARCHAR2(20 BYTE), 
	"IMAGE" VARCHAR2(255 BYTE), 
	"DESCRIPTION" VARCHAR2(255 BYTE), 
	"ID_STATUS" NUMBER(*,0), 
	"ID_CATEGORY" NUMBER(*,0), 
	"ID_PRODUCT" NUMBER(*,0) GENERATED BY DEFAULT AS IDENTITY MINVALUE 1 MAXVALUE 1000000 INCREMENT BY 1 START WITH 1 CACHE 10000 ORDER  CYCLE  NOKEEP  NOSCALE , 
	"ID_AVAILABILITY" NUMBER, 
	"POINT" NUMBER, 
	"ID_USER" NUMBER, 
	"START_DATE" DATE
   ) PCTFREE 10 PCTUSED 40 INITRANS 1 MAXTRANS 255 
 NOCOMPRESS LOGGING
  STORAGE(INITIAL 65536 NEXT 1048576 MINEXTENTS 1 MAXEXTENTS 2147483645
  PCTINCREASE 0 FREELISTS 1 FREELIST GROUPS 1
  BUFFER_POOL DEFAULT FLASH_CACHE DEFAULT CELL_FLASH_CACHE DEFAULT)
  TABLESPACE "SYSTEM" ;
--------------------------------------------------------
--  DDL for Table USERS
--------------------------------------------------------

  CREATE TABLE "SYSTEM"."USERS" 
   (	"FIRST_NAME" VARCHAR2(20 BYTE), 
	"LAST_NAME" VARCHAR2(20 BYTE), 
	"EMAIL" VARCHAR2(50 BYTE), 
	"BIRTH_DATE" VARCHAR2(255 BYTE), 
	"STUDY_LEVEL" VARCHAR2(20 BYTE), 
	"ESTABLISHMENT" VARCHAR2(20 BYTE), 
	"CERTIFICATE_REGIST" VARCHAR2(255 BYTE), 
	"PHOTO" VARCHAR2(255 BYTE), 
	"PASSWORD" VARCHAR2(20 BYTE), 
	"ID_USER" NUMBER(*,0) GENERATED BY DEFAULT AS IDENTITY MINVALUE 1 MAXVALUE 1000000 INCREMENT BY 1 START WITH 1 CACHE 2 ORDER  CYCLE  NOKEEP  NOSCALE , 
	"POINT" NUMBER, 
	"ADDRESS" VARCHAR2(255 BYTE), 
	"POSTAL_CODE" NUMBER
   ) PCTFREE 10 PCTUSED 40 INITRANS 1 MAXTRANS 255 
 NOCOMPRESS LOGGING
  STORAGE(INITIAL 65536 NEXT 1048576 MINEXTENTS 1 MAXEXTENTS 2147483645
  PCTINCREASE 0 FREELISTS 1 FREELIST GROUPS 1
  BUFFER_POOL DEFAULT FLASH_CACHE DEFAULT CELL_FLASH_CACHE DEFAULT)
  TABLESPACE "SYSTEM" ;
--------------------------------------------------------
--  DDL for Table STATUS
--------------------------------------------------------

  CREATE TABLE "SYSTEM"."STATUS" 
   (	"ID_STATUS" NUMBER(*,0), 
	"STATUS" VARCHAR2(50 BYTE)
   ) PCTFREE 10 PCTUSED 40 INITRANS 1 MAXTRANS 255 
 NOCOMPRESS LOGGING
  STORAGE(INITIAL 65536 NEXT 1048576 MINEXTENTS 1 MAXEXTENTS 2147483645
  PCTINCREASE 0 FREELISTS 1 FREELIST GROUPS 1
  BUFFER_POOL DEFAULT FLASH_CACHE DEFAULT CELL_FLASH_CACHE DEFAULT)
  TABLESPACE "SYSTEM" ;
--------------------------------------------------------
--  DDL for Table CART
--------------------------------------------------------

  CREATE TABLE "SYSTEM"."CART" 
   (	"ID_CART" NUMBER(*,0) GENERATED BY DEFAULT AS IDENTITY MINVALUE 1 MAXVALUE 1000000 INCREMENT BY 1 START WITH 1 CACHE 2 ORDER  CYCLE  NOKEEP  NOSCALE , 
	"ID_USER" NUMBER(*,0), 
	"ID_PRODUCT" NUMBER(*,0)
   ) PCTFREE 10 PCTUSED 40 INITRANS 1 MAXTRANS 255 
 NOCOMPRESS LOGGING
  STORAGE(INITIAL 65536 NEXT 1048576 MINEXTENTS 1 MAXEXTENTS 2147483645
  PCTINCREASE 0 FREELISTS 1 FREELIST GROUPS 1
  BUFFER_POOL DEFAULT FLASH_CACHE DEFAULT CELL_FLASH_CACHE DEFAULT)
  TABLESPACE "SYSTEM" ;
--------------------------------------------------------
--  DDL for Table CATEGORY
--------------------------------------------------------

  CREATE TABLE "SYSTEM"."CATEGORY" 
   (	"ID_CATEGORY" NUMBER(*,0), 
	"NAME" VARCHAR2(255 BYTE)
   ) PCTFREE 10 PCTUSED 40 INITRANS 1 MAXTRANS 255 
 NOCOMPRESS LOGGING
  STORAGE(INITIAL 65536 NEXT 1048576 MINEXTENTS 1 MAXEXTENTS 2147483645
  PCTINCREASE 0 FREELISTS 1 FREELIST GROUPS 1
  BUFFER_POOL DEFAULT FLASH_CACHE DEFAULT CELL_FLASH_CACHE DEFAULT)
  TABLESPACE "SYSTEM" ;
REM INSERTING into SYSTEM.FORUM
SET DEFINE OFF;
REM INSERTING into SYSTEM.ANSWER
SET DEFINE OFF;
REM INSERTING into SYSTEM.CLASS_USER
SET DEFINE OFF;
Insert into SYSTEM.CLASS_USER (ID,ID_USER,ID_CLASS) values ('100007','4','5');
Insert into SYSTEM.CLASS_USER (ID,ID_USER,ID_CLASS) values ('100008','4','1');
REM INSERTING into SYSTEM.AVAILABILITY
SET DEFINE OFF;
Insert into SYSTEM.AVAILABILITY (ID,AVAILABILITY) values ('1','Available');
Insert into SYSTEM.AVAILABILITY (ID,AVAILABILITY) values ('2','Donnee');
Insert into SYSTEM.AVAILABILITY (ID,AVAILABILITY) values ('3','Reserve');
REM INSERTING into SYSTEM.CLASS
SET DEFINE OFF;
Insert into SYSTEM.CLASS (ID_CLASS,NAME,DESCRIPTION,START_DATE,ID_USER) values ('1','Programmation Fonctionnelle','Exercice et sujet ','15/12/2021','4');
Insert into SYSTEM.CLASS (ID_CLASS,NAME,DESCRIPTION,START_DATE,ID_USER) values ('5','Programmation Concurrente','Reviser pour l''examen','22/12/2021','5');
Insert into SYSTEM.CLASS (ID_CLASS,NAME,DESCRIPTION,START_DATE,ID_USER) values ('100002','Mathematique','Reviser pour l''examen','01/01/2022','9');
Insert into SYSTEM.CLASS (ID_CLASS,NAME,DESCRIPTION,START_DATE,ID_USER) values ('100003','Informatique','Reviser pour l''examen','02/01/2022','11');
Insert into SYSTEM.CLASS (ID_CLASS,NAME,DESCRIPTION,START_DATE,ID_USER) values ('100004','Java','Reviser pour l''examen','05/01/2022','13');
Insert into SYSTEM.CLASS (ID_CLASS,NAME,DESCRIPTION,START_DATE,ID_USER) values ('100005','MAPC','MAPC revise','05/01/2022','4');
Insert into SYSTEM.CLASS (ID_CLASS,NAME,DESCRIPTION,START_DATE,ID_USER) values ('100006','C++ project','revision','05/01/2022','4');
REM INSERTING into SYSTEM.PRODUCT
SET DEFINE OFF;
Insert into SYSTEM.PRODUCT (NAME,IMAGE,DESCRIPTION,ID_STATUS,ID_CATEGORY,ID_PRODUCT,ID_AVAILABILITY,POINT,ID_USER,START_DATE) values ('Ordinateur','https://www.tomsguide.fr/content/uploads/sites/2/cache/2021/09/612zswylbl--ac-sl1500-1/467671965.jpg','Ordinateur Description','2','2','10218','1','3','4',to_date('22/12/21','DD/MM/RR'));
Insert into SYSTEM.PRODUCT (NAME,IMAGE,DESCRIPTION,ID_STATUS,ID_CATEGORY,ID_PRODUCT,ID_AVAILABILITY,POINT,ID_USER,START_DATE) values ('Clavier','https://media.ldlc.com/r1600/ld/products/00/04/66/80/LD0004668010_2.jpg','Clavier Description','1','2','220','2','3','5',to_date('22/12/21','DD/MM/RR'));
Insert into SYSTEM.PRODUCT (NAME,IMAGE,DESCRIPTION,ID_STATUS,ID_CATEGORY,ID_PRODUCT,ID_AVAILABILITY,POINT,ID_USER,START_DATE) values ('Ecran','https://media.ldlc.com/r1600/ld/products/00/04/95/66/LD0004956659_2.jpg','Ecran Description','2','2','221','1','3','5',to_date('22/12/21','DD/MM/RR'));
Insert into SYSTEM.PRODUCT (NAME,IMAGE,DESCRIPTION,ID_STATUS,ID_CATEGORY,ID_PRODUCT,ID_AVAILABILITY,POINT,ID_USER,START_DATE) values ('Laptop MSI','https://pic.clubic.com/v1/images/1822056/raw?fit=smartCrop&height=795&width=1060&hash=beaee696d076fec5b388b6c0332301b1a4f7fac8','laptop MSI GT3000','2','2','10219','1','3','4',to_date('22/12/21','DD/MM/RR'));
Insert into SYSTEM.PRODUCT (NAME,IMAGE,DESCRIPTION,ID_STATUS,ID_CATEGORY,ID_PRODUCT,ID_AVAILABILITY,POINT,ID_USER,START_DATE) values ('POO','https://images-na.ssl-images-amazon.com/images/I/81GuuG3Yh-L.jpg','POO Description','2','1','20215','1','2','7',to_date('22/12/21','DD/MM/RR'));
Insert into SYSTEM.PRODUCT (NAME,IMAGE,DESCRIPTION,ID_STATUS,ID_CATEGORY,ID_PRODUCT,ID_AVAILABILITY,POINT,ID_USER,START_DATE) values ('Architechture','https://images-na.ssl-images-amazon.com/images/I/91DjK6ZphtL.jpg','Architechture Description','1','1','30215','1','2','5',to_date('22/12/21','DD/MM/RR'));
Insert into SYSTEM.PRODUCT (NAME,IMAGE,DESCRIPTION,ID_STATUS,ID_CATEGORY,ID_PRODUCT,ID_AVAILABILITY,POINT,ID_USER,START_DATE) values ('Mathematique','https://www.dunod.com/sites/default/files/styles/full/public/thumbnails/image/9782100782789-001-X.jpeg','Mathematique Description','2','1','30216','1','2','9',to_date('22/12/21','DD/MM/RR'));
Insert into SYSTEM.PRODUCT (NAME,IMAGE,DESCRIPTION,ID_STATUS,ID_CATEGORY,ID_PRODUCT,ID_AVAILABILITY,POINT,ID_USER,START_DATE) values ('Gateux','https://images.unsplash.com/photo-1495147466023-ac5c588e2e94?ixlib=rb-1.2.1&q=80&fm=jpg&crop=entropy&cs=tinysrgb&w=1080&fit=max&ixid=eyJhcHBfaWQiOjEzNzYzNn0?utm_source=dictionnaire&utm_medium=referral','Description ','1','3','40217','1','1','4',to_date('22/12/21','DD/MM/RR'));
Insert into SYSTEM.PRODUCT (NAME,IMAGE,DESCRIPTION,ID_STATUS,ID_CATEGORY,ID_PRODUCT,ID_AVAILABILITY,POINT,ID_USER,START_DATE) values ('Bon bon','https://m.media-amazon.com/images/I/A1ZD5+BAf1L._AC_SL1500_.jpg','Mon Bon bon','1','3','115','1','1','4',to_date('22/12/21','DD/MM/RR'));
Insert into SYSTEM.PRODUCT (NAME,IMAGE,DESCRIPTION,ID_STATUS,ID_CATEGORY,ID_PRODUCT,ID_AVAILABILITY,POINT,ID_USER,START_DATE) values ('Stylo','https://ocarat.twic.pics/241565/stylo-bille-meisterstueck-classique-dore-10883-montblanc.jpg','Stylo Description','1','3','116','1','1','9',to_date('22/12/21','DD/MM/RR'));
Insert into SYSTEM.PRODUCT (NAME,IMAGE,DESCRIPTION,ID_STATUS,ID_CATEGORY,ID_PRODUCT,ID_AVAILABILITY,POINT,ID_USER,START_DATE) values ('Souris','https://media.ldlc.com/r1600/ld/products/00/05/31/46/LD0005314668_2.jpg','Souris Description','2','2','50215','1','2','4',to_date('22/12/21','DD/MM/RR'));
Insert into SYSTEM.PRODUCT (NAME,IMAGE,DESCRIPTION,ID_STATUS,ID_CATEGORY,ID_PRODUCT,ID_AVAILABILITY,POINT,ID_USER,START_DATE) values ('Cable USB','https://m.media-amazon.com/images/I/61Dwrp7qfCL._AC_SY450_.jpg','Cable USB description','1','2','50216','1','2','4',to_date('22/12/21','DD/MM/RR'));
Insert into SYSTEM.PRODUCT (NAME,IMAGE,DESCRIPTION,ID_STATUS,ID_CATEGORY,ID_PRODUCT,ID_AVAILABILITY,POINT,ID_USER,START_DATE) values ('AnglaisTOEIF','https://images-na.ssl-images-amazon.com/images/I/81Us+U9cY+L.jpg','Anglais Livre Description','2','1','50217','1','2','4',to_date('22/12/21','DD/MM/RR'));
Insert into SYSTEM.PRODUCT (NAME,IMAGE,DESCRIPTION,ID_STATUS,ID_CATEGORY,ID_PRODUCT,ID_AVAILABILITY,POINT,ID_USER,START_DATE) values ('Ecouteur','https://m.media-amazon.com/images/I/61vwbr1l8RS._AC_SS450_.jpg','Ecouteur description','2','2','50218','1','2','4',to_date('22/12/21','DD/MM/RR'));
Insert into SYSTEM.PRODUCT (NAME,IMAGE,DESCRIPTION,ID_STATUS,ID_CATEGORY,ID_PRODUCT,ID_AVAILABILITY,POINT,ID_USER,START_DATE) values ('Cookie','https://img.cuisineaz.com/2015-11-05/i71617-recette-des-cookies-moelleux-aux-pepites-de-chocolat.jpg','Cookie gratuit','1','3','50219','1','1','4',to_date('22/12/21','DD/MM/RR'));
REM INSERTING into SYSTEM.USERS
SET DEFINE OFF;
Insert into SYSTEM.USERS (FIRST_NAME,LAST_NAME,EMAIL,BIRTH_DATE,STUDY_LEVEL,ESTABLISHMENT,CERTIFICATE_REGIST,PHOTO,PASSWORD,ID_USER,POINT,ADDRESS,POSTAL_CODE) values ('John','Son','johnson@gmail.com','15/10/1999','Master 1','Paris Nanterre','oui','oui','123456','7','5','1 place de la republique','75000');
Insert into SYSTEM.USERS (FIRST_NAME,LAST_NAME,EMAIL,BIRTH_DATE,STUDY_LEVEL,ESTABLISHMENT,CERTIFICATE_REGIST,PHOTO,PASSWORD,ID_USER,POINT,ADDRESS,POSTAL_CODE) values ('Ben','Nef','benne@gmail.com','10/10/2000','Master 1','Paris Nanterre','oui','oui','123456Aa','9','5','1 place de la levriere','94000');
Insert into SYSTEM.USERS (FIRST_NAME,LAST_NAME,EMAIL,BIRTH_DATE,STUDY_LEVEL,ESTABLISHMENT,CERTIFICATE_REGIST,PHOTO,PASSWORD,ID_USER,POINT,ADDRESS,POSTAL_CODE) values ('Jessica','Lu','jess@gmail.com','20/18/2000','Licence 3','Paris Nanterre','oui','oui','33313w2A','11','5','24 avenue de chosy','73000');
Insert into SYSTEM.USERS (FIRST_NAME,LAST_NAME,EMAIL,BIRTH_DATE,STUDY_LEVEL,ESTABLISHMENT,CERTIFICATE_REGIST,PHOTO,PASSWORD,ID_USER,POINT,ADDRESS,POSTAL_CODE) values ('Best','Jo','jo@gmail.com','12/12/2003','Licence 1','Paris Nanterre','oui','oui','123123','13','5','2 rue du bac','75000');
Insert into SYSTEM.USERS (FIRST_NAME,LAST_NAME,EMAIL,BIRTH_DATE,STUDY_LEVEL,ESTABLISHMENT,CERTIFICATE_REGIST,PHOTO,PASSWORD,ID_USER,POINT,ADDRESS,POSTAL_CODE) values ('Beat','Up','beat@gmail.com','05/05/1999','Master 2','Paris Nanterre','oui','oui','15111996','4','2','3 rue de rivoli','75000');
Insert into SYSTEM.USERS (FIRST_NAME,LAST_NAME,EMAIL,BIRTH_DATE,STUDY_LEVEL,ESTABLISHMENT,CERTIFICATE_REGIST,PHOTO,PASSWORD,ID_USER,POINT,ADDRESS,POSTAL_CODE) values ('Nice','Oen','Oe@gmail.com','06/09/1996','Master 2','Paris Nanterre','oui','oui','aaacd123','5','8','5 rue de rivoli','75000');
REM INSERTING into SYSTEM.STATUS
SET DEFINE OFF;
Insert into SYSTEM.STATUS (ID_STATUS,STATUS) values ('1','Tout neuf');
Insert into SYSTEM.STATUS (ID_STATUS,STATUS) values ('2','Recondition en bon etat
');
REM INSERTING into SYSTEM.CART
SET DEFINE OFF;
REM INSERTING into SYSTEM.CATEGORY
SET DEFINE OFF;
Insert into SYSTEM.CATEGORY (ID_CATEGORY,NAME) values ('1','Livre');
Insert into SYSTEM.CATEGORY (ID_CATEGORY,NAME) values ('2','Equipements');
Insert into SYSTEM.CATEGORY (ID_CATEGORY,NAME) values ('3','Autres');
--------------------------------------------------------
--  DDL for Index FORUM_PK
--------------------------------------------------------

  CREATE UNIQUE INDEX "SYSTEM"."FORUM_PK" ON "SYSTEM"."FORUM" ("ID_FORUM") 
  PCTFREE 10 INITRANS 2 MAXTRANS 255 COMPUTE STATISTICS 
  STORAGE(INITIAL 65536 NEXT 1048576 MINEXTENTS 1 MAXEXTENTS 2147483645
  PCTINCREASE 0 FREELISTS 1 FREELIST GROUPS 1
  BUFFER_POOL DEFAULT FLASH_CACHE DEFAULT CELL_FLASH_CACHE DEFAULT)
  TABLESPACE "SYSTEM" ;
--------------------------------------------------------
--  DDL for Index ANSWER_PK
--------------------------------------------------------

  CREATE UNIQUE INDEX "SYSTEM"."ANSWER_PK" ON "SYSTEM"."ANSWER" ("ID_ANSWER") 
  PCTFREE 10 INITRANS 2 MAXTRANS 255 COMPUTE STATISTICS 
  STORAGE(INITIAL 65536 NEXT 1048576 MINEXTENTS 1 MAXEXTENTS 2147483645
  PCTINCREASE 0 FREELISTS 1 FREELIST GROUPS 1
  BUFFER_POOL DEFAULT FLASH_CACHE DEFAULT CELL_FLASH_CACHE DEFAULT)
  TABLESPACE "SYSTEM" ;
--------------------------------------------------------
--  DDL for Index CLASS_USER_PK
--------------------------------------------------------

  CREATE UNIQUE INDEX "SYSTEM"."CLASS_USER_PK" ON "SYSTEM"."CLASS_USER" ("ID") 
  PCTFREE 10 INITRANS 2 MAXTRANS 255 COMPUTE STATISTICS 
  STORAGE(INITIAL 65536 NEXT 1048576 MINEXTENTS 1 MAXEXTENTS 2147483645
  PCTINCREASE 0 FREELISTS 1 FREELIST GROUPS 1
  BUFFER_POOL DEFAULT FLASH_CACHE DEFAULT CELL_FLASH_CACHE DEFAULT)
  TABLESPACE "SYSTEM" ;
--------------------------------------------------------
--  DDL for Index AVAILABILITY_PK
--------------------------------------------------------

  CREATE UNIQUE INDEX "SYSTEM"."AVAILABILITY_PK" ON "SYSTEM"."AVAILABILITY" ("ID") 
  PCTFREE 10 INITRANS 2 MAXTRANS 255 COMPUTE STATISTICS 
  STORAGE(INITIAL 65536 NEXT 1048576 MINEXTENTS 1 MAXEXTENTS 2147483645
  PCTINCREASE 0 FREELISTS 1 FREELIST GROUPS 1
  BUFFER_POOL DEFAULT FLASH_CACHE DEFAULT CELL_FLASH_CACHE DEFAULT)
  TABLESPACE "SYSTEM" ;
--------------------------------------------------------
--  DDL for Index CLASS_PK
--------------------------------------------------------

  CREATE UNIQUE INDEX "SYSTEM"."CLASS_PK" ON "SYSTEM"."CLASS" ("ID_CLASS") 
  PCTFREE 10 INITRANS 2 MAXTRANS 255 COMPUTE STATISTICS 
  STORAGE(INITIAL 65536 NEXT 1048576 MINEXTENTS 1 MAXEXTENTS 2147483645
  PCTINCREASE 0 FREELISTS 1 FREELIST GROUPS 1
  BUFFER_POOL DEFAULT FLASH_CACHE DEFAULT CELL_FLASH_CACHE DEFAULT)
  TABLESPACE "SYSTEM" ;
--------------------------------------------------------
--  DDL for Index PRODUCT_PK
--------------------------------------------------------

  CREATE UNIQUE INDEX "SYSTEM"."PRODUCT_PK" ON "SYSTEM"."PRODUCT" ("ID_PRODUCT") 
  PCTFREE 10 INITRANS 2 MAXTRANS 255 COMPUTE STATISTICS 
  STORAGE(INITIAL 65536 NEXT 1048576 MINEXTENTS 1 MAXEXTENTS 2147483645
  PCTINCREASE 0 FREELISTS 1 FREELIST GROUPS 1
  BUFFER_POOL DEFAULT FLASH_CACHE DEFAULT CELL_FLASH_CACHE DEFAULT)
  TABLESPACE "SYSTEM" ;
--------------------------------------------------------
--  DDL for Index USERS_PK
--------------------------------------------------------

  CREATE UNIQUE INDEX "SYSTEM"."USERS_PK" ON "SYSTEM"."USERS" ("ID_USER") 
  PCTFREE 10 INITRANS 2 MAXTRANS 255 COMPUTE STATISTICS 
  STORAGE(INITIAL 65536 NEXT 1048576 MINEXTENTS 1 MAXEXTENTS 2147483645
  PCTINCREASE 0 FREELISTS 1 FREELIST GROUPS 1
  BUFFER_POOL DEFAULT FLASH_CACHE DEFAULT CELL_FLASH_CACHE DEFAULT)
  TABLESPACE "SYSTEM" ;
--------------------------------------------------------
--  DDL for Index STATUS_PK
--------------------------------------------------------

  CREATE UNIQUE INDEX "SYSTEM"."STATUS_PK" ON "SYSTEM"."STATUS" ("ID_STATUS") 
  PCTFREE 10 INITRANS 2 MAXTRANS 255 COMPUTE STATISTICS 
  STORAGE(INITIAL 65536 NEXT 1048576 MINEXTENTS 1 MAXEXTENTS 2147483645
  PCTINCREASE 0 FREELISTS 1 FREELIST GROUPS 1
  BUFFER_POOL DEFAULT FLASH_CACHE DEFAULT CELL_FLASH_CACHE DEFAULT)
  TABLESPACE "SYSTEM" ;
--------------------------------------------------------
--  DDL for Index CART_PK
--------------------------------------------------------

  CREATE UNIQUE INDEX "SYSTEM"."CART_PK" ON "SYSTEM"."CART" ("ID_CART") 
  PCTFREE 10 INITRANS 2 MAXTRANS 255 COMPUTE STATISTICS 
  STORAGE(INITIAL 65536 NEXT 1048576 MINEXTENTS 1 MAXEXTENTS 2147483645
  PCTINCREASE 0 FREELISTS 1 FREELIST GROUPS 1
  BUFFER_POOL DEFAULT FLASH_CACHE DEFAULT CELL_FLASH_CACHE DEFAULT)
  TABLESPACE "SYSTEM" ;
--------------------------------------------------------
--  DDL for Index CATEGORY_PK
--------------------------------------------------------

  CREATE UNIQUE INDEX "SYSTEM"."CATEGORY_PK" ON "SYSTEM"."CATEGORY" ("ID_CATEGORY") 
  PCTFREE 10 INITRANS 2 MAXTRANS 255 COMPUTE STATISTICS 
  STORAGE(INITIAL 65536 NEXT 1048576 MINEXTENTS 1 MAXEXTENTS 2147483645
  PCTINCREASE 0 FREELISTS 1 FREELIST GROUPS 1
  BUFFER_POOL DEFAULT FLASH_CACHE DEFAULT CELL_FLASH_CACHE DEFAULT)
  TABLESPACE "SYSTEM" ;
--------------------------------------------------------
--  DDL for Trigger PRODUCT_TRG
--------------------------------------------------------

  CREATE OR REPLACE NONEDITIONABLE TRIGGER "SYSTEM"."PRODUCT_TRG" 
BEFORE INSERT ON PRODUCT 
FOR EACH ROW 
BEGIN
  <<COLUMN_SEQUENCES>>
  BEGIN
    NULL;
  END COLUMN_SEQUENCES;
END;
/
ALTER TRIGGER "SYSTEM"."PRODUCT_TRG" ENABLE;
--------------------------------------------------------
--  DDL for Trigger USERS_TRG
--------------------------------------------------------

  CREATE OR REPLACE NONEDITIONABLE TRIGGER "SYSTEM"."USERS_TRG" 
BEFORE INSERT ON USERS 
FOR EACH ROW 
BEGIN
  <<COLUMN_SEQUENCES>>
  BEGIN
    NULL;
  END COLUMN_SEQUENCES;
END;
/
ALTER TRIGGER "SYSTEM"."USERS_TRG" ENABLE;
--------------------------------------------------------
--  Constraints for Table FORUM
--------------------------------------------------------

  ALTER TABLE "SYSTEM"."FORUM" MODIFY ("ID_FORUM" NOT NULL ENABLE);
  ALTER TABLE "SYSTEM"."FORUM" ADD CONSTRAINT "FORUM_PK" PRIMARY KEY ("ID_FORUM")
  USING INDEX PCTFREE 10 INITRANS 2 MAXTRANS 255 COMPUTE STATISTICS 
  STORAGE(INITIAL 65536 NEXT 1048576 MINEXTENTS 1 MAXEXTENTS 2147483645
  PCTINCREASE 0 FREELISTS 1 FREELIST GROUPS 1
  BUFFER_POOL DEFAULT FLASH_CACHE DEFAULT CELL_FLASH_CACHE DEFAULT)
  TABLESPACE "SYSTEM"  ENABLE;
--------------------------------------------------------
--  Constraints for Table ANSWER
--------------------------------------------------------

  ALTER TABLE "SYSTEM"."ANSWER" MODIFY ("ID_ANSWER" NOT NULL ENABLE);
  ALTER TABLE "SYSTEM"."ANSWER" ADD CONSTRAINT "ANSWER_PK" PRIMARY KEY ("ID_ANSWER")
  USING INDEX PCTFREE 10 INITRANS 2 MAXTRANS 255 COMPUTE STATISTICS 
  STORAGE(INITIAL 65536 NEXT 1048576 MINEXTENTS 1 MAXEXTENTS 2147483645
  PCTINCREASE 0 FREELISTS 1 FREELIST GROUPS 1
  BUFFER_POOL DEFAULT FLASH_CACHE DEFAULT CELL_FLASH_CACHE DEFAULT)
  TABLESPACE "SYSTEM"  ENABLE;
--------------------------------------------------------
--  Constraints for Table CLASS_USER
--------------------------------------------------------

  ALTER TABLE "SYSTEM"."CLASS_USER" MODIFY ("ID" NOT NULL ENABLE);
  ALTER TABLE "SYSTEM"."CLASS_USER" MODIFY ("ID_USER" NOT NULL ENABLE);
  ALTER TABLE "SYSTEM"."CLASS_USER" MODIFY ("ID_CLASS" NOT NULL ENABLE);
  ALTER TABLE "SYSTEM"."CLASS_USER" ADD CONSTRAINT "CLASS_USER_PK" PRIMARY KEY ("ID")
  USING INDEX PCTFREE 10 INITRANS 2 MAXTRANS 255 COMPUTE STATISTICS 
  STORAGE(INITIAL 65536 NEXT 1048576 MINEXTENTS 1 MAXEXTENTS 2147483645
  PCTINCREASE 0 FREELISTS 1 FREELIST GROUPS 1
  BUFFER_POOL DEFAULT FLASH_CACHE DEFAULT CELL_FLASH_CACHE DEFAULT)
  TABLESPACE "SYSTEM"  ENABLE;
--------------------------------------------------------
--  Constraints for Table AVAILABILITY
--------------------------------------------------------

  ALTER TABLE "SYSTEM"."AVAILABILITY" MODIFY ("ID" NOT NULL ENABLE);
  ALTER TABLE "SYSTEM"."AVAILABILITY" MODIFY ("AVAILABILITY" NOT NULL ENABLE);
  ALTER TABLE "SYSTEM"."AVAILABILITY" ADD CONSTRAINT "AVAILABILITY_PK" PRIMARY KEY ("ID")
  USING INDEX PCTFREE 10 INITRANS 2 MAXTRANS 255 COMPUTE STATISTICS 
  STORAGE(INITIAL 65536 NEXT 1048576 MINEXTENTS 1 MAXEXTENTS 2147483645
  PCTINCREASE 0 FREELISTS 1 FREELIST GROUPS 1
  BUFFER_POOL DEFAULT FLASH_CACHE DEFAULT CELL_FLASH_CACHE DEFAULT)
  TABLESPACE "SYSTEM"  ENABLE;
--------------------------------------------------------
--  Constraints for Table CLASS
--------------------------------------------------------

  ALTER TABLE "SYSTEM"."CLASS" MODIFY ("ID_CLASS" NOT NULL ENABLE);
  ALTER TABLE "SYSTEM"."CLASS" MODIFY ("NAME" NOT NULL ENABLE);
  ALTER TABLE "SYSTEM"."CLASS" ADD CONSTRAINT "CLASS_PK" PRIMARY KEY ("ID_CLASS")
  USING INDEX PCTFREE 10 INITRANS 2 MAXTRANS 255 COMPUTE STATISTICS 
  STORAGE(INITIAL 65536 NEXT 1048576 MINEXTENTS 1 MAXEXTENTS 2147483645
  PCTINCREASE 0 FREELISTS 1 FREELIST GROUPS 1
  BUFFER_POOL DEFAULT FLASH_CACHE DEFAULT CELL_FLASH_CACHE DEFAULT)
  TABLESPACE "SYSTEM"  ENABLE;
  ALTER TABLE "SYSTEM"."CLASS" MODIFY ("ID_USER" NOT NULL ENABLE);
--------------------------------------------------------
--  Constraints for Table PRODUCT
--------------------------------------------------------

  ALTER TABLE "SYSTEM"."PRODUCT" MODIFY ("NAME" NOT NULL ENABLE);
  ALTER TABLE "SYSTEM"."PRODUCT" MODIFY ("ID_STATUS" NOT NULL ENABLE);
  ALTER TABLE "SYSTEM"."PRODUCT" MODIFY ("ID_CATEGORY" NOT NULL ENABLE);
  ALTER TABLE "SYSTEM"."PRODUCT" MODIFY ("ID_PRODUCT" NOT NULL ENABLE);
  ALTER TABLE "SYSTEM"."PRODUCT" ADD CONSTRAINT "PRODUCT_PK" PRIMARY KEY ("ID_PRODUCT")
  USING INDEX PCTFREE 10 INITRANS 2 MAXTRANS 255 COMPUTE STATISTICS 
  STORAGE(INITIAL 65536 NEXT 1048576 MINEXTENTS 1 MAXEXTENTS 2147483645
  PCTINCREASE 0 FREELISTS 1 FREELIST GROUPS 1
  BUFFER_POOL DEFAULT FLASH_CACHE DEFAULT CELL_FLASH_CACHE DEFAULT)
  TABLESPACE "SYSTEM"  ENABLE;
  ALTER TABLE "SYSTEM"."PRODUCT" MODIFY ("ID_USER" NOT NULL ENABLE);
  ALTER TABLE "SYSTEM"."PRODUCT" MODIFY ("ID_AVAILABILITY" NOT NULL ENABLE);
  ALTER TABLE "SYSTEM"."PRODUCT" MODIFY ("POINT" NOT NULL ENABLE);
--------------------------------------------------------
--  Constraints for Table USERS
--------------------------------------------------------

  ALTER TABLE "SYSTEM"."USERS" MODIFY ("ID_USER" NOT NULL ENABLE);
  ALTER TABLE "SYSTEM"."USERS" MODIFY ("FIRST_NAME" NOT NULL DISABLE);
  ALTER TABLE "SYSTEM"."USERS" MODIFY ("LAST_NAME" NOT NULL DISABLE);
  ALTER TABLE "SYSTEM"."USERS" MODIFY ("EMAIL" NOT NULL DISABLE);
  ALTER TABLE "SYSTEM"."USERS" MODIFY ("BIRTH_DATE" NOT NULL DISABLE);
  ALTER TABLE "SYSTEM"."USERS" MODIFY ("STUDY_LEVEL" NOT NULL DISABLE);
  ALTER TABLE "SYSTEM"."USERS" ADD CONSTRAINT "USERS_PK" PRIMARY KEY ("ID_USER")
  USING INDEX PCTFREE 10 INITRANS 2 MAXTRANS 255 COMPUTE STATISTICS 
  STORAGE(INITIAL 65536 NEXT 1048576 MINEXTENTS 1 MAXEXTENTS 2147483645
  PCTINCREASE 0 FREELISTS 1 FREELIST GROUPS 1
  BUFFER_POOL DEFAULT FLASH_CACHE DEFAULT CELL_FLASH_CACHE DEFAULT)
  TABLESPACE "SYSTEM"  ENABLE;
  ALTER TABLE "SYSTEM"."USERS" MODIFY ("PASSWORD" NOT NULL DISABLE);
--------------------------------------------------------
--  Constraints for Table STATUS
--------------------------------------------------------

  ALTER TABLE "SYSTEM"."STATUS" MODIFY ("ID_STATUS" NOT NULL ENABLE);
  ALTER TABLE "SYSTEM"."STATUS" ADD CONSTRAINT "STATUS_PK" PRIMARY KEY ("ID_STATUS")
  USING INDEX PCTFREE 10 INITRANS 2 MAXTRANS 255 COMPUTE STATISTICS 
  STORAGE(INITIAL 65536 NEXT 1048576 MINEXTENTS 1 MAXEXTENTS 2147483645
  PCTINCREASE 0 FREELISTS 1 FREELIST GROUPS 1
  BUFFER_POOL DEFAULT FLASH_CACHE DEFAULT CELL_FLASH_CACHE DEFAULT)
  TABLESPACE "SYSTEM"  ENABLE;
--------------------------------------------------------
--  Constraints for Table CART
--------------------------------------------------------

  ALTER TABLE "SYSTEM"."CART" MODIFY ("ID_CART" NOT NULL ENABLE);
  ALTER TABLE "SYSTEM"."CART" ADD CONSTRAINT "CART_PK" PRIMARY KEY ("ID_CART")
  USING INDEX PCTFREE 10 INITRANS 2 MAXTRANS 255 COMPUTE STATISTICS 
  STORAGE(INITIAL 65536 NEXT 1048576 MINEXTENTS 1 MAXEXTENTS 2147483645
  PCTINCREASE 0 FREELISTS 1 FREELIST GROUPS 1
  BUFFER_POOL DEFAULT FLASH_CACHE DEFAULT CELL_FLASH_CACHE DEFAULT)
  TABLESPACE "SYSTEM"  ENABLE;
  ALTER TABLE "SYSTEM"."CART" MODIFY ("ID_USER" NOT NULL ENABLE);
  ALTER TABLE "SYSTEM"."CART" MODIFY ("ID_PRODUCT" NOT NULL ENABLE);
--------------------------------------------------------
--  Constraints for Table CATEGORY
--------------------------------------------------------

  ALTER TABLE "SYSTEM"."CATEGORY" MODIFY ("NAME" NOT NULL ENABLE);
  ALTER TABLE "SYSTEM"."CATEGORY" MODIFY ("ID_CATEGORY" NOT NULL ENABLE);
  ALTER TABLE "SYSTEM"."CATEGORY" ADD CONSTRAINT "CATEGORY_PK" PRIMARY KEY ("ID_CATEGORY")
  USING INDEX PCTFREE 10 INITRANS 2 MAXTRANS 255 COMPUTE STATISTICS 
  STORAGE(INITIAL 65536 NEXT 1048576 MINEXTENTS 1 MAXEXTENTS 2147483645
  PCTINCREASE 0 FREELISTS 1 FREELIST GROUPS 1
  BUFFER_POOL DEFAULT FLASH_CACHE DEFAULT CELL_FLASH_CACHE DEFAULT)
  TABLESPACE "SYSTEM"  ENABLE;
--------------------------------------------------------
--  Ref Constraints for Table FORUM
--------------------------------------------------------

  ALTER TABLE "SYSTEM"."FORUM" ADD CONSTRAINT "FORUM_FK1" FOREIGN KEY ("ID_USER")
	  REFERENCES "SYSTEM"."USERS" ("ID_USER") ENABLE;
--------------------------------------------------------
--  Ref Constraints for Table ANSWER
--------------------------------------------------------

  ALTER TABLE "SYSTEM"."ANSWER" ADD CONSTRAINT "ANSWER_FK1" FOREIGN KEY ("ID_USER")
	  REFERENCES "SYSTEM"."USERS" ("ID_USER") ENABLE;
  ALTER TABLE "SYSTEM"."ANSWER" ADD CONSTRAINT "ANSWER_FK2" FOREIGN KEY ("ID_FORUM")
	  REFERENCES "SYSTEM"."FORUM" ("ID_FORUM") ENABLE;
--------------------------------------------------------
--  Ref Constraints for Table CLASS_USER
--------------------------------------------------------

  ALTER TABLE "SYSTEM"."CLASS_USER" ADD CONSTRAINT "CLASS_USER_FK1" FOREIGN KEY ("ID_USER")
	  REFERENCES "SYSTEM"."USERS" ("ID_USER") ENABLE;
  ALTER TABLE "SYSTEM"."CLASS_USER" ADD CONSTRAINT "CLASS_USER_FK2" FOREIGN KEY ("ID_CLASS")
	  REFERENCES "SYSTEM"."CLASS" ("ID_CLASS") ENABLE;
--------------------------------------------------------
--  Ref Constraints for Table CLASS
--------------------------------------------------------

  ALTER TABLE "SYSTEM"."CLASS" ADD CONSTRAINT "CLASS_FK1" FOREIGN KEY ("ID_USER")
	  REFERENCES "SYSTEM"."USERS" ("ID_USER") ENABLE;
--------------------------------------------------------
--  Ref Constraints for Table PRODUCT
--------------------------------------------------------

  ALTER TABLE "SYSTEM"."PRODUCT" ADD CONSTRAINT "CATEGORY_FK" FOREIGN KEY ("ID_CATEGORY")
	  REFERENCES "SYSTEM"."CATEGORY" ("ID_CATEGORY") ENABLE;
  ALTER TABLE "SYSTEM"."PRODUCT" ADD CONSTRAINT "PRODUCT_FK1" FOREIGN KEY ("ID_STATUS")
	  REFERENCES "SYSTEM"."STATUS" ("ID_STATUS") ENABLE;
  ALTER TABLE "SYSTEM"."PRODUCT" ADD CONSTRAINT "PRODUCT_FK3" FOREIGN KEY ("ID_AVAILABILITY")
	  REFERENCES "SYSTEM"."AVAILABILITY" ("ID") ENABLE;
  ALTER TABLE "SYSTEM"."PRODUCT" ADD CONSTRAINT "PRODUCT_FK2" FOREIGN KEY ("ID_USER")
	  REFERENCES "SYSTEM"."USERS" ("ID_USER") ENABLE;
--------------------------------------------------------
--  Ref Constraints for Table CART
--------------------------------------------------------

  ALTER TABLE "SYSTEM"."CART" ADD CONSTRAINT "CART_FK1" FOREIGN KEY ("ID_USER")
	  REFERENCES "SYSTEM"."USERS" ("ID_USER") ENABLE;
  ALTER TABLE "SYSTEM"."CART" ADD CONSTRAINT "CART_FK2" FOREIGN KEY ("ID_PRODUCT")
	  REFERENCES "SYSTEM"."PRODUCT" ("ID_PRODUCT") ENABLE;
